Sequences,PeptidePositions,Genes,ProteinDescriptions,UniProtIds,ratio_000uM_000uM,ratio_020uM_000uM,ratio_200uM_000uM,ratio_001mM_000uM,ratio_005mM_000uM,ratio_010mM_000uM,EC50,R2,Lower,Upper,Slope
TNLTSSAEEPWK,622,KDM6A,Lysine-specific demethylase 6A,O15550,1,1.03874876838114,1.01047194163496,1.12871195636638,1.03819452817147,0.979384527646528,,,,,
LDLGLFSTK,979,KDM6A,Lysine-specific demethylase 6A,O15550,1,1.05024656152357,0.945417013469534,0.907855704420144,0.75469136252959,0.663781870545214,1.8177,0.9733,0.200481162593678,1.02057924054793,0.646894502938763
NALTLPHNR,613,KDM6A,Lysine-specific demethylase 6A,O15550,1,1.00925171943909,1.06788178569305,1.07370000627579,0.975573643603738,1.11033656995678,3.3478,0.1963,0.999061740826892,1.09089302487389,-0.239015256612935
VQDAFISYR,300,KDM6A,Lysine-specific demethylase 6A,O15550,1,1.04267974132178,0.947676198308184,0.997165785378254,0.997168208317541,0.969606088765056,4.2007,0.488,0.977900428929542,1.0213397784542,6.85358959450767
KIWHCESNR,1019,KDM6A,Lysine-specific demethylase 6A,O15550,1,1.03951408362866,0.962368619530534,0.946538607305656,0.723269916903086,0.751194971229155,2.9119,0.9621,0.737223001614372,1.00062985584801,6.67320564406167
ESKPSGNILTVPETSR,717,KDM6A,Lysine-specific demethylase 6A,O15550,1,1.02351120651305,1.3280579099901,1.30803373419839,1.06463771811032,1.13099902911589,-1.2287,0.2392,1.38458383799992,0.999937192042742,0.0220207859581494
LQHLEQLR,474,KDM6A,Lysine-specific demethylase 6A,O15550,1,1.21252000844837,1.05076981597482,0.986848070861014,1.00858024818628,1.04261149174944,3.7507,0.3022,1.01270249251305,1.10639173905293,3.31705789164004
LQLHELTKLPAFVR,1098,KDM6A,Lysine-specific demethylase 6A,O15550,1,0.975523204861834,1.15315214953282,1.34249130740551,1.02811185199535,0.768695112556447,2.1586,0.5322,0.690702882975497,1.11752741234328,4.11307531848523
YAQYQASSFQESLREENEKR,1035,KDM6A,Lysine-specific demethylase 6A,O15550,1,1.10470177841327,1.0612472898057,0.898455036753406,0.8122050421908,0.771508850941718,3.0528,0.9308,0.790901900525664,1.05614860246609,3.05774905015599
ESYAIQYLQK,266,KDM6A,Lysine-specific demethylase 6A,O15550,1,1.04201996431587,0.960630764662411,0.945709122500603,1.07101565552449,0.9646510943825,2.0239,0.0059,1.00382830967111,0.98306815828935,-0.210412374918325
STGIPNGPTADSSLPTNSVSGQQPQLALTR,520,KDM6A,Lysine-specific demethylase 6A,O15550,1,0.892428821043001,0.988004533784765,1.0065257475027,0.833561574257601,0.896139489819252,2.6552,0.5901,0.864795291524723,0.971765618414748,7.43603784163915
FGTNIDLSDDKK,1084,KDM6A,Lysine-specific demethylase 6A,O15550,1,0.953295293036008,0.893596863982095,0.84509689615956,0.697133806299036,0.724481296780449,2.7566,0.9649,0.587345784494786,0.995054745151045,0.537785553611555
SCGVSLATAAAAAAAFGDEEKK,3,KDM6A,Lysine-specific demethylase 6A,O15550,1,0.789259269683396,0.891241606501966,1.29989513696904,0.924860084202981,0.857775110664874,3.4651,0.1655,0.89300190927696,1.02752811280131,-8.1981469341618
ASGESEEASPSLTAEER,30,KDM6A,Lysine-specific demethylase 6A,O15550,1,0.90426393086119,0.984114051437154,0.939753643088489,0.752731192033409,0.901794837370954,2.8942,0.5825,0.82724316106378,0.962786458052926,6.52476684869934
KTYIVHCQDCAR,1352,KDM6A,Lysine-specific demethylase 6A,O15550,1,1.1412830304867,1.154155765941,0.83448984413395,0.643463562899149,0.773876595967921,3.0503,0.8925,0.708651504326574,1.0984665773529,6.39868460252135
NGLSNSSILLDK,906,KDM6A,Lysine-specific demethylase 6A,O15550,1,0.943411562098495,0.832102441542475,1.05248450942354,0.988309330148086,0.451805832102803,1.9497,0.8878,-1.54778919169311,0.963295873574805,11.7751406554386
GFFPGSAQSCEAFLR,225,KDM4A,Lysine-specific demethylase 4A,O75164,1,0.90297434476414,0.878369130476039,0.676070071391416,0.449449510740197,0.396198838543109,2.8141,0.9883,0.265897116855104,0.968669310277536,0.825164662426124
IMTFYPTMEEFR,14,KDM4A,Lysine-specific demethylase 4A,O75164,1,1.01943434545686,0.765865191609041,0.681394616063536,0.496886907189197,0.353444932416286,2.4577,0.9702,-0.0022681884906167,1.02416123103768,0.507279702186448
YIAYIESQGAHR,30,KDM4A,Lysine-specific demethylase 4A,O75164,1,1.13439545996447,0.925021863206376,0.970263246090077,0.632019453339672,0.542946964248735,2.5211,0.9167,0.47551048686475,1.02635713026738,1.70076765109233
FYQCEVVR,914,KDM4A,Lysine-specific demethylase 4A,O75164,1,1.00693068798124,1.10044440395744,1.11221063589926,1.1101619231456,1.05624987330216,4.371,0.8434,0.999543826112985,1.0949192864971,-3.17722053780916
YREDYIEPALYR,1049,KDM4A,Lysine-specific demethylase 4A,O75164,1,0.936429044953092,1.05004374963943,0.866295902074604,1.02805529025371,0.95531450186025,2.6188,0.0394,0.934462801202603,1.00001034939033,6.60474992365264e-05
RDDVYTLDEELPK,1000,KDM4A,Lysine-specific demethylase 4A,O75164,1,1.2515054097813,1.1286097229538,1.07207008864977,1.07800246674025,1.24003905058252,1.7954,0.293,2.40775694706673,1.10520161645437,4.62860410504989
WTDGQVYGAK,967,KDM4A,Lysine-specific demethylase 4A,O75164,1,1.00515144365195,1.04072714257962,1.03250617617494,1.0404745755275,1.06813285272595,3.3943,0.8199,0.99786792977352,1.06929686333251,-0.456833103913375
FNEIFTEK,1026,KDM4A,Lysine-specific demethylase 4A,O75164,1,1.0871022390372,1.07509205747254,1.07212168947609,1.07081179211465,0.996008528155159,2.023,0.4207,0.953545344471726,1.06113329295977,8.00330754503655
VTVGEPCTRK,554,KDM4A,Lysine-specific demethylase 4A,O75164,1,1.04169556635203,1.14687907206811,1.17823185905182,1.12177014166614,1.11274723179665,4.5486,0.8835,0.999844725948023,1.14016243421667,-2.4402572488756
ASESETLNPSAR,2,KDM4A,Lysine-specific demethylase 4A,O75164,1,0.930195424670964,0.843264304578223,0.664450979161191,0.509049333677575,0.45307160006314,2.9026,0.9977,0.304883645510851,0.993318356628645,0.627191003416106
QAVLCSCRK,302,KDM4A,Lysine-specific demethylase 4A,O75164,1,1.01151882089019,1.04395259182621,0.999414064170907,0.776613780802212,0.528416788250999,2.1208,0.9947,0.24136945616344,1.01786245534783,1.91754576918873
MTLISPLMLKK,242,KDM4A,Lysine-specific demethylase 4A,O75164,1,1.0890371491757,0.963082994416691,0.881543055420539,0.555010003267506,0.41102506672895,2.3045,0.9841,0.0887058493640525,1.03602453647529,0.960690652778663
GALQSITAGQK,894,KDM4A,Lysine-specific demethylase 4A,O75164,1,0.91922765945887,1.40522329840281,1.16357518297204,1.21020728241817,0.897242267337897,4.2661,0.3022,1.16901587860664,0.959374092669409,5.6643762023867
YSEFEELER,111,KDM4A,Lysine-specific demethylase 4A,O75164,1,0.988274547784589,0.900098386941476,0.899198692611221,0.600942199042076,0.514559944628731,2.4794,0.9759,0.404008635954797,0.972545160496968,1.34637483120037
KIANSDKYCTPR,99,KDM4A,Lysine-specific demethylase 4A,O75164,1,0.852799039538707,0.891925652954421,0.782183860002814,0.673792755433668,0.62083558419945,1.9497,0.9335,0.266853340771757,0.981469472953146,0.360936553006669
TSFAWHTEDMDLYSINYLHFGEPK,183,KDM4A,Lysine-specific demethylase 4A,O75164,1,0.654092751652852,0.857941118448893,0.98009437737198,0.489806789488845,0.481710137838885,2.5516,0.7252,0.484385854341866,0.873041413297023,8.56556099590754
ISGGSVVEMQGDEMTR,5,IDH1,Isocitrate dehydrogenase [NADP] cytoplasmic,O75874,1,1.03561551835847,1.01809845439914,0.994868166256322,0.882511211709758,0.794682161174431,2.1136,0.9857,0.637738220993778,1.01852224139318,1.35529953138302
LVSGWVKPIIIGR,120,IDH1,Isocitrate dehydrogenase [NADP] cytoplasmic,O75874,1,1.00275534177911,0.835696903045554,0.825231409747226,0.664254677055058,0.621494233670703,2.4647,0.9581,0.390341341836398,1.0113660714382,0.489430833079211
SEGGFIWACK,261,IDH1,Isocitrate dehydrogenase [NADP] cytoplasmic,O75874,1,1.1018064788483,1.03399740651048,0.963859058124723,0.925280077837489,0.838326739864714,1.7827,0.8318,0.559530322197778,1.0474893532597,0.730808550161037
SDYLNTFEFMDKLGENLK,389,IDH1,Isocitrate dehydrogenase [NADP] cytoplasmic,O75874,1,1.11080389290781,1.0014872771189,0.957261124847692,0.91854097947002,0.758342386807391,1.4534,0.8402,-0.0758174734162586,1.03464534940017,0.938623739974826
GWPLYLSTK,204,IDH1,Isocitrate dehydrogenase [NADP] cytoplasmic,O75874,1,0.894036660719296,0.995291719089628,1.0120602153266,0.786968577996351,0.685539113938336,2.3429,0.9007,0.683352540270215,0.975351134745561,6.19141114947714
SDYLNTFEFMDK,389,IDH1,Isocitrate dehydrogenase [NADP] cytoplasmic,O75874,1,0.974105987721995,0.98039831088559,0.935665549017888,0.805851541042107,0.745641197595913,2.375,0.9942,0.656467311639275,0.988187852385993,1.1598037355484
SQFEAQKIWYEHR,237,IDH1,Isocitrate dehydrogenase [NADP] cytoplasmic,O75874,1,0.983218107355717,0.938870531742621,0.835962641322697,0.752750954610446,0.650006277225053,1.7846,0.9882,0.221208798937354,1.00281015037096,0.520879114317566
IIWELIK,21,IDH1,Isocitrate dehydrogenase [NADP] cytoplasmic,O75874,1,0.861180758393854,1.03370027436504,0.870651155880091,0.81135659184373,0.719718563391718,2.117,0.7062,0.547569346628329,0.958791323702289,0.992112944901464
KISGGSVVEMQGDEMTR,4,IDH1,Isocitrate dehydrogenase [NADP] cytoplasmic,O75874,1,0.988812014304584,1.12849587937353,0.983841665622839,0.792998411357015,0.737367513722706,2.5888,0.8813,0.720686172660748,1.0367351982291,1.97999835927795
ATDFVVPGPGKVEITYTPSDGTQK,141,IDH1,Isocitrate dehydrogenase [NADP] cytoplasmic,O75874,1,1.12950282042625,0.900599486505023,0.970037642710109,0.803643083863266,0.530014192729996,1.4687,0.8788,-1.67285006231951,1.01146876202024,1.25421794337512
FKDIFQEIYDKQYK,223,IDH1,Isocitrate dehydrogenase [NADP] cytoplasmic,O75874,1,0.959407499972225,0.917795264176958,0.866292473626595,0.762196558741729,0.563087175839423,1.4591,0.9641,-0.482811444341986,0.965635528553071,0.822305054620243
IIWELIKEK,21,IDH1,Isocitrate dehydrogenase [NADP] cytoplasmic,O75874,1,1.03142817349192,0.966361583395139,0.944897401837725,0.856298530988266,0.780526710231672,1.6389,0.9708,0.392829683024923,1.0109686115691,0.670323300582656
DAAEAIKK,59,IDH1,Isocitrate dehydrogenase [NADP] cytoplasmic,O75874,1,1.01459332722257,0.935274016886949,1.15143735432561,0.942791094508649,0.795673570705443,2.2496,0.6361,0.785681142929861,1.02527857431715,5.46150887531479
DATNDQVTKDAAEAIKK,50,IDH1,Isocitrate dehydrogenase [NADP] cytoplasmic,O75874,1,0.982167584620501,0.851826024956823,0.780872020903408,0.777287771972915,0.608523412358737,1.9623,0.904,0.289500959378623,1.00821955871175,0.385619021630647
FKDIFQEIYDK,223,IDH1,Isocitrate dehydrogenase [NADP] cytoplasmic,O75874,1,1.13568929760955,0.867689414409474,0.784540328984882,0.74224611099913,0.680277390134734,3.7593,0.9015,0.730998889099149,1.06823368613969,2.07006201427215
DIFQEIYDKQYK,225,IDH1,Isocitrate dehydrogenase [NADP] cytoplasmic,O75874,1,0.990624946433258,0.955471444655675,0.82244504413318,0.841062744136607,0.610623299593638,1.3185,0.8622,-0.216815513181728,0.99232135657316,0.610484408833563
DIFQEIYDK,225,IDH1,Isocitrate dehydrogenase [NADP] cytoplasmic,O75874,1,1.67738201088888,1.61242278046439,1.3674879996193,1.47147443918902,1.42177218548003,2.1782,0.7603,2.02064807518328,0.99993115759256,0.000374876809132
IKLAQAKL,407,IDH1,Isocitrate dehydrogenase [NADP] cytoplasmic,O75874,1,1.14464537939345,1.04597226456049,1.07256357783319,0.781972401962848,0.722507362427833,2.4375,0.9236,0.720057403335251,1.06596353326919,4.85481233231595
CATITPDEKRVEEFK,73,IDH1,Isocitrate dehydrogenase [NADP] cytoplasmic,O75874,1,1.42839959758388,2.45601556459425,1.93087815480344,1.52768195549698,0.802490539977467,2.1807,0.3535,0.711524331900163,1.70404701597048,5.50804192514245
LIDDMVAQAMKSEGGFIWACK,250,IDH1,Isocitrate dehydrogenase [NADP] cytoplasmic,O75874,1,0.739923912606474,0.925778465037636,0.87952433667226,0.699905143312372,0.510128130434884,2.2661,0.7746,0.457069779806962,0.886877889563304,3.1898085571396
LIDDMVAQAMK,250,IDH1,Isocitrate dehydrogenase [NADP] cytoplasmic,O75874,1,1.00592243811531,0.990093358174929,1.05006059085122,0.847563346049279,0.706156804857073,2.3091,0.9753,0.704499526130603,1.01151941642192,7.32946128059555
TVQGPPTSDDIFER,33,OAT,"Ornithine aminotransferase, mitochondrial",P04181,1,0.937252002446642,0.916473544272809,0.831504409795292,0.750945832619959,0.75474377737277,2.791,0.9776,0.634730365914544,0.994764457862686,0.470042641672957
IVFAAGNFWGR,170,OAT,"Ornithine aminotransferase, mitochondrial",P04181,1,0.950299203259255,0.76334261447316,0.476990498349055,0.296232210045857,0.262392835493957,3.3146,0.9998,0.218343076254593,0.994961440997206,0.938008724184106
VLPMNTGVEAGETACK,136,OAT,"Ornithine aminotransferase, mitochondrial",P04181,1,1.03226712424816,0.801242251297959,0.464520151261015,0.264587603877627,0.272254166330534,3.3487,0.997,0.243398468257229,1.0218123767978,1.22528370713176
SQVDKLTLTSR,103,OAT,"Ornithine aminotransferase, mitochondrial",P04181,1,0.843766735617654,0.624950803651667,0.415186044286783,0.299465470350257,0.185612490533988,3.3206,0.9959,0.037736136454227,1.00168965878763,0.504284011377985
HQVLFIADEIQTGLAR,256,OAT,"Ornithine aminotransferase, mitochondrial",P04181,1,0.902376828423571,0.664089034232179,0.399522611500289,0.299368847366887,0.261491399369819,3.5947,0.9986,0.231751621725231,0.993819527186019,0.843621767966428
KYFDFLSSYSAVNQGHCHPK,77,OAT,"Ornithine aminotransferase, mitochondrial",P04181,1,1.42060947519717,0.752618451988453,0.39237602363249,0.343074949770285,0.457130340355354,3.7164,0.8931,0.397527252258052,1.21030287450208,6.31254504071257
QYFPNDEDQVGAAK,119,P4HA1,Prolyl 4-hydroxylase subunit alpha-1,P13674,1,1.12454878336527,1.02081018257781,0.811564392477751,0.868326042929162,1.13104301331975,-0.8645,0.0246,0.784578956560376,1.026471560296,0.179234153354359
LQDTYNLDTDTISK,137,P4HA1,Prolyl 4-hydroxylase subunit alpha-1,P13674,1,1.24423656430059,1.21916516162335,1.00443027302261,1.19994855102338,1.18085351148246,2.5412,0.1132,1.19275634044059,1.11749155948722,4.14513695817435
SAWLSGYENPVVSR,383,P4HA1,Prolyl 4-hydroxylase subunit alpha-1,P13674,1,0.975767588639531,0.787885731253118,0.864503172582835,0.465316197913063,0.408335574973388,2.6225,0.9186,0.379826812467225,0.925410243695293,2.15450161745021
GVAVDYLPER,277,P4HA1,Prolyl 4-hydroxylase subunit alpha-1,P13674,1,0.914139111500799,1.05964104581295,0.585425431038933,0.636551785714076,0.419502763316451,3.1127,0.8969,0.528016836459693,0.991262080800833,7.53660389024397
FILAPAKQEDEWDKPR,321,P4HA1,Prolyl 4-hydroxylase subunit alpha-1,P13674,1,1.0458210839652,1.00789919710854,0.901995791882328,0.490241975151215,0.380554063333534,2.586,0.9975,0.312869215255431,1.02137646462004,1.66823422177035
FHDIISDAEIEIVKDLAKPR,340,P4HA1,Prolyl 4-hydroxylase subunit alpha-1,P13674,1,0.947638739237982,0.84824937690376,0.924021624104963,0.826494018363131,0.439144415053217,2.1783,0.9417,0.380304794905124,0.929986748666684,5.1683755978207
AEEDKLEQIKK,48,P4HA1,Prolyl 4-hydroxylase subunit alpha-1,P13674,1,0.956886483601232,0.984061357334984,1.04169973632632,0.83491126606356,0.703498225854027,2.3131,0.9532,0.700850143303971,0.995663161356776,6.52495294888566
LTSTATKDPEGFVGHPVNAFK,66,P4HA1,Prolyl 4-hydroxylase subunit alpha-1,P13674,1,1.1016676147648,0.639674270476274,0.886196822529956,0.844690281586167,0.74810651223133,4.2257,0.7034,0.779664451428335,1.05084652464806,8.31582951395381
IIRFHDIISDAEIEIVKDLAKPR,337,P4HA1,Prolyl 4-hydroxylase subunit alpha-1,P13674,1,1.55456405034142,1.0281145807321,0.95629231626521,1.18992995762475,1.09738859080011,4.1215,0.2407,1.06762316011251,1.27730350807315,5.30015255484466
FGLEGCEVLIPALK,278,OGDH,"2-oxoglutarate dehydrogenase, mitochondrial",Q02218,1,0.876802250960954,0.761303068999533,0.694451250273153,0.528292051413407,0.497185039048081,2.0366,0.9941,-0.0038329566524194,0.998856899782307,0.323850628794346
SSPYPTDVAR,457,OGDH,"2-oxoglutarate dehydrogenase, mitochondrial",Q02218,1,1.03793817520352,0.932200110673708,0.779466012722378,0.686804094730432,0.609791850159846,3.0853,0.9835,0.594819073100503,1.02252660747741,0.960611428721448
DVVVDLVCYR,500,OGDH,"2-oxoglutarate dehydrogenase, mitochondrial",Q02218,1,1.16861591148422,0.939412411697925,0.987615625426416,0.76009284993512,0.664289052242508,1.9441,0.8438,0.221081522185251,1.05932552265938,0.780788749612209
TIIDKSSENGVDYVIMGMPHR,292,OGDH,"2-oxoglutarate dehydrogenase, mitochondrial",Q02218,1,1.08454961459964,0.804283599902543,0.804316491879382,0.645286899421044,0.538878097930911,2.6675,0.9023,0.360205553755057,1.03757854616929,0.560038732872735
QILLPFR,845,OGDH,"2-oxoglutarate dehydrogenase, mitochondrial",Q02218,1,0.840476281795839,0.838374102462261,0.728482059812057,0.622100764717159,0.586952808185594,2.0157,0.9716,0.193561891569275,0.992472560475302,0.294358027616261
AKPVWYAGRDPAAAPATGNKK,980,OGDH,"2-oxoglutarate dehydrogenase, mitochondrial",Q02218,1,0.843242809531771,0.696001118188131,0.45035690750276,0.759852481944042,0.38229378268886,4.2213,0.6825,0.518341935289792,0.997019511519604,0.776756637800458
TKAEQFYCGDTEGK,388,OGDH,"2-oxoglutarate dehydrogenase, mitochondrial",Q02218,1,1.04043519583141,0.992588007850708,1.73447752249798,0.649839438481368,0.912283965146904,2.6005,0.344,1.1918086480037,0.780890492498913,-9.15923946564428
AEQFYCGDTEGKK,390,OGDH,"2-oxoglutarate dehydrogenase, mitochondrial",Q02218,1,0.606083205733939,0.736100225861467,0.621426377882571,0.636817294344759,1.27615775184356,1.9743,0.7041,0.720082749299239,2.50257357079986,-13.3787911959627
GDWPGVVLSMER,49,P3H1,Prolyl 3-hydroxylase 1,Q32P28,1,1.04753269357374,0.829626528270881,1.05104781413868,1.14720133347284,1.12368008522195,3.0077,0.5865,0.959069142358338,1.13548283045925,-4.58734330165019
ISQEIGNLMK,417,P3H1,Prolyl 3-hydroxylase 1,Q32P28,1,1.06988030063681,1.23972539677755,1.13883279160652,1.19526275165247,1.10957735949732,-2.0821,0.53,1.43514976077644,0.999590128591052,0.0527581636194944
AVAAAHTFFVGNPEHMEMQQNLDYYQTMSGVK,162,P3H1,Prolyl 3-hydroxylase 1,Q32P28,1,0.733660806534712,0.917123477816051,0.939310911856243,0.852165354460805,0.961012236855816,3.9889,0.0749,0.866839467384504,0.917670659661549,-5.72007605512629
DLETQPHMQEFR,199,P3H1,Prolyl 3-hydroxylase 1,Q32P28,1,1.33516994441324,1.2004070015349,1.47585132473451,1.01883931207779,1.14153966325863,2.5871,0.2187,1.07911468854141,1.25190599492012,4.30485495397072
DLSFFGGLLRR,106,P3H1,Prolyl 3-hydroxylase 1,Q32P28,1,0.932443180855881,0.973164685403781,0.847595546899761,0.905896780729436,0.926801062193883,4.9325,0.4769,0.898694597667042,0.99989419002915,0.432866734669705
SPYNYLQVAYFK,144,P3H1,Prolyl 3-hydroxylase 1,Q32P28,1,1.31221259268644,1.25427211127067,1.05801774811857,1.13231350821104,1.33094804141632,,,,,
TVTAEVQPQCGR,636,P3H1,Prolyl 3-hydroxylase 1,Q32P28,1,1.02245341382201,0.675276759137663,0.281438602232511,0.0832960156148497,0.143234199135857,3.5142,0.9951,0.102026119205498,1.02163632522169,1.2970245834179
LTNVAATSGDGYR,489,P3H1,Prolyl 3-hydroxylase 1,Q32P28,1,1.00959276023347,0.785127952588125,0.436982983085809,0.184557116192864,0.192953045484271,3.2831,0.9979,0.146665433278463,1.01264357429502,1.13678788828811
GPDGDPSSCGTDLK,199,RSBN1,Lysine-specific demethylase 9,Q5VWQ0,1,0.964042678088642,1.01626688620738,1.04411547549775,1.01430584169669,1.06714454365344,3.7421,0.6761,0.982000652427519,1.04199806802763,-2.84921180428916
EVQTVCAGLTR,277,RSBN1,Lysine-specific demethylase 9,Q5VWQ0,1,1.11950596185896,1.10994409408633,1.01239915550635,1.11731504476516,1.25530697852087,3.1698,0.3977,1.00022210420412,1.24289919955206,-0.226622109248791
YLKDEQLCR,311,RSBN1,Lysine-specific demethylase 9,Q5VWQ0,1,1.0402262289515,1.10958337381649,1.08599495571846,0.990749135949989,1.06336175967019,2.9692,0.0,1.04822213696901,1.04838319660933,0.767210940572158
ELEVDSQCVR,729,RSBN1,Lysine-specific demethylase 9,Q5VWQ0,1,1.13435128349932,0.989141837859733,1.01168278190356,1.10161249671156,1.09321224170507,2.9764,0.1893,1.13264841481061,0.999274126173057,0.0004189154400631
ADDFVLKK,246,RSBN1,Lysine-specific demethylase 9,Q5VWQ0,1,0.95863393786268,1.05614112702146,1.0348245683666,0.963400303653522,1.03606555170574,4.2343,0.2826,0.979376788824624,1.02243373283948,-2.96699666873581
GRPSQEPPLAPPHRR,101,RSBN1,Lysine-specific demethylase 9,Q5VWQ0,1,0.991807347241289,1.10016736287709,0.933725637600272,0.977769738951625,1.00410754734731,3.3313,0.3438,0.971887789121381,1.03061218652437,7.49573761045078
MTLPWGTLSSLR,506,RSBN1,Lysine-specific demethylase 9,Q5VWQ0,1,0.88568471936855,0.730042111575889,0.404595124386828,0.330366098271901,0.301236374371523,3.5126,0.989,0.290814719745715,0.962290220438537,1.15550793705838
ADDFVLK,246,RSBN1,Lysine-specific demethylase 9,Q5VWQ0,1,0.913047130836511,0.864680187426959,0.937474994747316,0.98247814983351,0.904408888159653,2.0835,0.4106,0.999379573734608,0.840899071381349,-0.0004534515732483
TVSAVCSLAWHIR,688,RSBN1,Lysine-specific demethylase 9,Q5VWQ0,1,0.799831732438414,0.550724971651198,0.280259283459338,0.139788928159541,0.105629780171124,3.6118,0.9982,0.0003591623747569,0.995635102438143,0.597393194151251
TQPIPVLK,774,RSBN1,Lysine-specific demethylase 9,Q5VWQ0,1,0.710309892363415,0.748876164770334,0.770830239410258,1.13606572430667,1.14248331293559,2.5069,0.7411,0.807496816689335,1.14298790543698,-8.00185102851559
EKPHAGVSPR,74,RSBN1,Lysine-specific demethylase 9,Q5VWQ0,1,1.02399339982803,0.745297799590224,0.689957144497617,0.802121696219117,0.814585495332321,4.2286,0.8908,0.762866700494045,1.01194942583764,7.18718941203702
AHADHVGQGFDWQSTAAVGVLK,581,RSBN1,Lysine-specific demethylase 9,Q5VWQ0,1,0.823668781921237,0.647734116679387,0.285076933219081,0.0238104359667969,0.0193019580981903,3.2587,0.9918,-0.144908782663869,0.976007983508677,0.689354728897361
LKMYNKEVQTVCAGLTR,271,RSBN1,Lysine-specific demethylase 9,Q5VWQ0,1,0.880071543004549,1.41198981717222,0.685959559120199,1.15958352789734,0.640701632807386,3.3354,0.2522,0.828746751780875,1.09735314146237,12.6421939368069
LDSDQQHNLQEHSTTSV,786,RSBN1,Lysine-specific demethylase 9,Q5VWQ0,1,1.19487864980349,1.98363617045757,1.6113198986322,2.32407193803923,2.20931621322883,3.5195,0.8308,0.976406221374443,2.50640143052587,-0.446518976844439
LNLGMQEYR,320,RSBN1,Lysine-specific demethylase 9,Q5VWQ0,1,1.0621927904129,0.997776497585183,1.00679679103509,1.0411565378522,0.977931432299408,4.1334,0.1695,1.00591706936629,1.03092089244567,3.82690557544321
KQEEQEPTGEEPAVLGGDKESTR,16,ALKBH2,DNA oxidative demethylase ALKBH2,Q6NS38,1,0.828766198495294,0.829473644165718,0.972857050882201,1.04468193756702,1.03602927032515,3.0186,0.5986,0.886077164766974,1.0403542687095,-5.92133232392741
IRDHVSGVTGQTFNFVLINR,141,ALKBH2,DNA oxidative demethylase ALKBH2,Q6NS38,1,0.942336012346396,1.03496397095028,0.828208407862808,0.543707086589542,0.430113516059699,2.6332,0.9781,0.369722490886473,0.994017721996665,1.41521883224126
LPLAHGSLLMMNHPTNTHWYHSLPVR,216,ALKBH2,DNA oxidative demethylase ALKBH2,Q6NS38,1,1.19919107469617,1.01777636555676,1.21066820421078,0.722918264282364,0.464886705697244,2.3295,0.9085,0.454897031398797,1.10689849025089,5.49349088342877
SVLLPTHR,350,ALKBH5,RNA demethylase ALKBH5,Q6P6C2,1,1.03197790761162,1.06327842203296,1.02990289039602,0.984448198311808,1.01492542689081,2.7818,0.3479,0.999666896082753,1.03210793556517,4.1645068667111
GSFSSENYWR,360,ALKBH5,RNA demethylase ALKBH5,Q6P6C2,1,0.963876994150433,0.984738687925321,0.980544832342523,0.962963336154038,1.01362129688326,1.8408,0.5171,0.978418482756678,2.09138500201247,-9.33646832419408
ILEMDKEENRR,339,ALKBH5,RNA demethylase ALKBH5,Q6P6C2,1,0.972931661480509,0.983256792090547,0.946996364212373,0.976539368877663,0.957274317885102,5.4176,0.5694,0.958343805505011,1.00043329664139,0.268593156638481
AAASGYTDLR,2,ALKBH5,RNA demethylase ALKBH5,Q6P6C2,1,0.906701227461706,0.983999337984123,1.04148071313472,0.94785202243238,1.0195437836912,3.7546,0.2437,0.953324331550672,1.0029043897809,-3.93132297689753
LFSQDECAK,94,ALKBH5,RNA demethylase ALKBH5,Q6P6C2,1,1.00914977915314,1.01169644473312,0.804474273550872,0.509589756385883,0.25963751891501,1.8717,0.9923,-0.694866194424896,1.01865079377856,0.825393723904424
LSGNNRDPALKPK,311,ALKBH5,RNA demethylase ALKBH5,Q6P6C2,1,1.01120976658137,1.05334730783911,1.01435823993823,0.90302238632748,1.1386886616768,3.278,0.0226,0.998875228694686,1.04839836749111,-0.182232412283826
VSEPVLSLPVRR,239,ALKBH5,RNA demethylase ALKBH5,Q6P6C2,1,1.01376278947772,0.94392415481403,0.876550641935372,0.57249156545321,0.430936882930225,2.2355,0.9963,0.0902233695084039,1.00137348477398,0.975607958511353
AVIILRK,278,ALKBH5,RNA demethylase ALKBH5,Q6P6C2,1,1.11809525924612,0.852878055114281,0.938076347053747,0.647923398335321,0.582742743897903,1.9046,0.8589,0.0401608324379159,1.03645347001099,0.628005878566356
SYESSEDCSEAAGSPAR,371,ALKBH5,RNA demethylase ALKBH5,Q6P6C2,1,0.859246405005252,0.879859458684522,0.883731935212733,0.956521969586557,0.929496667201862,2.6313,0.1283,0.905715125804501,0.943024269753215,-7.88922608028857
GSVTVLSGYAADEITHCIRPQDIK,251,ALKBH5,RNA demethylase ALKBH5,Q6P6C2,1,1.06002685558474,0.879398637199262,0.859658461048438,0.709134818283397,0.557525699701879,1.5354,0.9428,-0.212520169742424,1.02058808284942,0.541674267374318
VSEPVLSLPVR,239,ALKBH5,RNA demethylase ALKBH5,Q6P6C2,1,0.952368360995324,0.84244642938487,0.728843231140412,0.48992206317411,0.360232488723092,1.6985,0.9988,-0.530835149261234,0.997310358404235,0.498562244729835
EAAAAAAAAVAAAAAAAAAAEPYPVSGAKR,29,ALKBH5,RNA demethylase ALKBH5,Q6P6C2,1,0.725918342791026,0.718369579345117,0.760444830999765,0.672089970788482,0.735625318293547,,,,,
KSYESSEDCSEAAGSPAR,370,ALKBH5,RNA demethylase ALKBH5,Q6P6C2,1,0.833132801913865,0.908422676688618,1.02916271066401,0.966104850419223,1.02992788971018,3.3797,0.4459,0.913770355210981,1.00842309410222,-7.95603196198411
GLYNEHTVDR,117,ALKBH5,RNA demethylase ALKBH5,Q6P6C2,1,0.890023353073054,0.931271513489113,0.693294378702756,0.452021355044252,0.311323280945989,2.4786,0.9788,0.0578388993767402,0.965995745534295,0.823902387282196
SYESSEDCSEAAGSPARK,371,ALKBH5,RNA demethylase ALKBH5,Q6P6C2,1,0.869789423024022,0.779555854234515,0.665733004955557,0.793447863893286,0.884729428193269,,,,,
IKEEPVNVNIPEK,762,RSBN1L,Round spermatid basic protein 1-like protein,Q6PCB5,1,1.0453988082388,0.996416606111438,0.892669717528928,0.790299518342887,1.00267744580992,3.571,0.478,0.895114933483995,1.02270830130596,4.57227618727987
EENGEVKPLPR,185,RSBN1L,Round spermatid basic protein 1-like protein,Q6PCB5,1,1.02866825368181,1.01680209081284,0.999896337109149,1.11203457995318,1.05968166967053,2.6827,0.7787,1.01097524195172,1.08604271216342,-4.76633880331429
SSFSFSAGTAVPSSASASLSQPVPR,102,RSBN1L,Round spermatid basic protein 1-like protein,Q6PCB5,1,1.08687025244505,1.05003993629952,0.997083437431159,1.0616785055623,1.05423093090602,2.5585,0.1209,1.05839825989347,1.03357940764288,4.81468841248831
EAGGASREENGEVKPLPR,178,RSBN1L,Round spermatid basic protein 1-like protein,Q6PCB5,1,1.00557655601719,0.980395630942694,1.04458713292036,0.8073328437242,0.916748522577776,2.6508,0.7757,0.86202639779133,1.00764187255578,9.36535453950286
AKLDHVQFAEFK,788,RSBN1L,Round spermatid basic protein 1-like protein,Q6PCB5,1,1.0526369213659,1.11837640275737,0.944659078368027,1.02189154034803,0.994916301269355,3.3419,0.4119,0.987137667058027,1.05671161374168,5.74257979107514
GILNDNIKDYVGK,294,RSBN1L,Round spermatid basic protein 1-like protein,Q6PCB5,1,1.43447981964218,1.20526903119261,1.01332374558932,1.31125951674768,1.25998688478679,2.5921,0.1349,1.28628288740752,1.16343040840887,5.72248495908259
ASLDSVFSDKLHSK,733,RSBN1L,Round spermatid basic protein 1-like protein,Q6PCB5,1,0.886984110184901,1.07764854980884,1.00560653531808,0.946288933129159,0.964668953269913,2.6391,0.0862,0.992650485003175,0.955139808851522,-4.1787726804986
ASLDSVFSDK,733,RSBN1L,Round spermatid basic protein 1-like protein,Q6PCB5,1,0.986877768619311,1.14997446473228,1.1664501878209,1.13444937872939,1.07249968002999,4.2477,0.8294,0.992896412040472,1.13091697118177,-4.55202189487494
GILNDNIK,294,RSBN1L,Round spermatid basic protein 1-like protein,Q6PCB5,1,1.00511313671028,0.911095048106176,0.852162734985377,1.01299601377878,1.03412085152216,4.3626,0.1277,1.00442046723028,0.952678554565423,-2.99728407218609
AHADHIGQGFER,570,RSBN1L,Round spermatid basic protein 1-like protein,Q6PCB5,1,1.07635774341607,0.602160168743712,0.405766619034783,0.177289720432152,0.147786240218398,3.5619,0.9756,0.137794656801677,1.05654863880948,0.968719741370174
IDMDSKFENSNK,800,RSBN1L,Round spermatid basic protein 1-like protein,Q6PCB5,1,1.04173723790395,1.27740651261753,0.942411426940233,1.08545421873932,1.15836672033553,3.345,0.1202,1.20016289445158,0.999980406356486,0.0426297714943042
TTALNNMDGK,775,RSBN1L,Round spermatid basic protein 1-like protein,Q6PCB5,1,0.556922896702099,1.09454832268388,0.924210037823203,0.873841357887711,0.935395649169736,4.1864,0.2529,0.7784655851515,0.956998680648127,-8.34912712218948
KLLVPPTLLHAQPHHLLLPAAAAAASANAK,127,RSBN1L,Round spermatid basic protein 1-like protein,Q6PCB5,1,0.945644857238696,1.01005743123605,1.00361806711894,0.998232327543519,0.833526606327543,1.9045,0.8846,-0.581533825489465,0.991543835127999,9.9702461427799
TNIEDLQIKK,242,RSBN1L,Round spermatid basic protein 1-like protein,Q6PCB5,1,1.17856750932712,1.16078006872652,0.696692839414709,0.958385143403315,1.20260227066738,,,,,
VMNEIKKENGEVK,218,RSBN1L,Round spermatid basic protein 1-like protein,Q6PCB5,1,0.796632043475693,1.17751179901272,1.0602658618951,0.994246871240017,1.25803593970223,4.1757,0.5175,0.898351566518078,1.12255888163979,-6.42128048737535
CTLPWGTLSSLK,495,RSBN1L,Round spermatid basic protein 1-like protein,Q6PCB5,1,1.09858148896631,0.646778506179432,0.645787581562593,0.355835841447816,0.477661483010019,3.8122,0.8938,0.456532136388789,1.0610612987593,1.22205549991335
AVHCGEWPDQPR,592,RSBN1L,Round spermatid basic protein 1-like protein,Q6PCB5,1,0.788913217003158,0.390082694307121,0.191304231007462,0.0570577679836001,0.0493319401974289,3.9554,0.9993,0.012300312471232,1.00179726941754,0.738472908598498
IQLYDNDIYFIPR,657,RSBN1L,Round spermatid basic protein 1-like protein,Q6PCB5,1,0.630556859501829,0.56567599975665,0.285154201026396,0.0524219239192349,0.0471740486465184,2.489,0.9799,-0.682610871776534,0.993149980661922,0.294762925774528
DIETTTMSNFHAQVKR,436,RSBN1L,Round spermatid basic protein 1-like protein,Q6PCB5,1,0.384953046432334,0.261077665855338,0.381016953108793,0.476090259114003,0.269636496530101,-33.0215,0.9148,1.00052399576969,-0.292737652834083,-2.27509311537093e-05
DVICFHAEDFLEVVQR,607,RSBN1L,Round spermatid basic protein 1-like protein,Q6PCB5,1,1.42373673947939,0.640214531149715,0.370999273814952,0.419666806550586,0.535466012394207,3.7855,0.8739,0.44203820994162,1.21185070667753,5.31509104183711
ADAAASPVGKR,2,KDM3B,Lysine-specific demethylase 3B,Q7LBC6,1,1.08415387823626,1.04576447136744,1.14448762740455,1.07517833940239,1.09294723199265,,,,,
GGNASGEPGLDQR,326,KDM3B,Lysine-specific demethylase 3B,Q7LBC6,1,0.845233724808923,0.897654006522806,0.928670367285316,0.986218880866483,0.896266419887993,3.0082,0.0507,0.914352608046279,0.941309144978512,-4.19828400673958
SVLGTDTKPGSK,573,KDM3B,Lysine-specific demethylase 3B,Q7LBC6,1,1.18044290817662,1.17402035515956,0.96864481022155,0.974482977888023,1.05562096538356,3.3348,0.4494,0.99949314805806,1.11821277929667,7.03543353749436
EDPVLLQGIR,102,KDM3B,Lysine-specific demethylase 3B,Q7LBC6,1,0.987691674169688,0.959166895420577,1.01960381001531,1.00523984013622,0.972819848783718,3.1037,0.0,0.990740630752431,0.990772140005225,-0.439021502911598
ISDTGLAAGTVPEK,436,KDM3B,Lysine-specific demethylase 3B,Q7LBC6,1,0.978733995997933,1.01731088351084,0.996848423658959,1.0779746518875,1.0690923805828,2.6738,0.9042,0.997931847009019,1.07385290969713,-5.4435645643447
IYQPEGEEGWLYGVVSHQDSITR,205,KDM3B,Lysine-specific demethylase 3B,Q7LBC6,1,1.00111971503745,1.00785447258207,0.956997303937835,1.03267512580149,0.950254996256981,3.3244,0.0825,0.978364619722505,1.00297118861256,0.663348665256371
LVSGVLGSALTSGGPSLSAMGNGR,701,KDM3B,Lysine-specific demethylase 3B,Q7LBC6,1,1.00482592062659,0.874019914759176,0.97185016893825,0.848822802743026,0.838006620935071,2.1534,0.6676,0.702212221028427,1.00331617739444,0.396743095033955
KVPAESMPTLTPAFPR,592,KDM3B,Lysine-specific demethylase 3B,Q7LBC6,1,1.1224848307101,1.16032429889541,1.11210108945646,1.00602827176436,1.01209620413846,2.6224,0.4276,1.00857202239934,1.09882332799859,5.95643573638073
AIRPPCPDTAPPSSALHWLADLATQK,1207,KDM3B,Lysine-specific demethylase 3B,Q7LBC6,1,0.979771406752842,1.08379099641308,0.94421602355408,1.07777812044145,1.0599226813233,5.148,0.105,0.988473851999735,1.04200889062831,-0.339259636865242
QSLESLSSGLCK,559,KDM3B,Lysine-specific demethylase 3B,Q7LBC6,1,1.00692899654847,1.05670281915275,1.03245290240349,0.979422334554598,0.971189996479127,2.453,0.6136,0.970520809071118,1.02404625131664,4.50840480875465
GIPEHLMGK,836,KDM3B,Lysine-specific demethylase 3B,Q7LBC6,1,1.1672357966489,1.01450182674795,0.998620031713922,1.05376712905528,1.07035652656015,4.1278,0.1554,1.03428017866976,1.08345369380832,4.49722599271862
ESHSPFGLDSFNSTAK,1250,KDM3B,Lysine-specific demethylase 3B,Q7LBC6,1,1.294431256723,1.51314255131997,1.05509636037863,1.06527708713186,1.08955259335945,3.2555,0.3066,1.06849424564463,1.26903658208046,5.96018260936846
KKPLFITTDSSK,689,KDM3B,Lysine-specific demethylase 3B,Q7LBC6,1,1.24960697916991,1.45149923852526,1.34453115421336,1.01032326637729,0.995724484764105,2.5167,0.4439,0.99607334359957,1.26148487731535,5.84805881206611
VAEDFVSPEHVK,1700,KDM3B,Lysine-specific demethylase 3B,Q7LBC6,1,1.02128787331264,0.964495876587786,0.86772188823832,0.510928317262335,0.434996204419299,2.6497,0.9971,0.374741589060284,1.0019068133031,1.53945931845307
ETVNALISDQK,176,KDM3B,Lysine-specific demethylase 3B,Q7LBC6,1,0.945941777570329,0.953057565600949,1.0033023327734,0.981305596732608,1.0393916912478,3.146,0.4354,0.966325557059038,1.01056141348581,-4.58340954605594
HSGGFLSSPADFSQENKAPFEAVKR,772,KDM3B,Lysine-specific demethylase 3B,Q7LBC6,1,0.992070252796623,0.953416472728501,0.927692482842196,0.779079076122951,1.00048229875716,3.5711,0.3036,0.896324466525726,0.996774548596256,1.42155885729945
GPYSVQGHR,194,KDM3B,Lysine-specific demethylase 3B,Q7LBC6,1,1.08725408573932,0.789126123226337,0.9925933578994,0.821974079208441,0.902541758543999,4.224,0.5656,0.876557421227319,1.04363250951156,7.3536215450461
VEHSPFSSFASQASGSSSSATTVTSK,644,KDM3B,Lysine-specific demethylase 3B,Q7LBC6,1,0.909833688442662,0.866693913538833,0.851170098478489,0.942405606952615,0.954571451064876,-0.6557,0.4772,0.999421876090892,0.809296495293903,-0.000161363317774
QSGEPFLQDGSCINVAPHLHK,893,KDM3B,Lysine-specific demethylase 3B,Q7LBC6,1,0.987227010460032,0.894089269534497,1.09800755043735,1.01206030657083,0.85280966521485,1.9533,0.4548,0.468372315988867,0.998344292095235,9.04491187898909
LMEVSVTESGEIK,228,KDM3B,Lysine-specific demethylase 3B,Q7LBC6,1,0.861520334223436,0.739729933985024,0.844982672246839,0.470720235599868,0.910154980298196,4.7436,0.3398,0.727795601286542,1.00030168829649,0.754762951721198
EEPSNPFLAFVEK,631,KDM3B,Lysine-specific demethylase 3B,Q7LBC6,1,1.07548480326511,0.938294433560152,1.03365203438073,1.09789692933076,1.0751698221342,2.9431,0.4535,1.00447565181588,1.08647972246409,-4.29358725544199
LPSYFVRPDLGPK,1527,KDM3B,Lysine-specific demethylase 3B,Q7LBC6,1,1.01394851990126,1.1681497928875,0.684566523663257,0.451492117940216,0.412081249362109,3.0224,0.964,0.431775581052222,1.06070189710565,7.69015499476269
APFEAVKR,789,KDM3B,Lysine-specific demethylase 3B,Q7LBC6,1,1.00443202347498,1.0374374901393,0.883278712803145,1.02272016057964,0.994090877171876,2.0833,0.0168,0.964658965966062,1.00246329745996,0.203110858367448
ISDTGLAAGTVPEKQK,436,KDM3B,Lysine-specific demethylase 3B,Q7LBC6,1,1.03068177765073,0.929630533008907,1.02005495738602,1.15635424419367,1.17006789842327,2.743,0.8763,0.987306897233025,1.16961415583885,-2.72602126526452
MYNAYGLITAEDR,1540,KDM3B,Lysine-specific demethylase 3B,Q7LBC6,1,1.14088210904401,1.06680165484363,1.08199885225427,0.613354702737121,0.447552596452274,2.3886,0.9758,0.439128994411094,1.0726030959489,4.80851947504705
FKEQEQDDSTVACR,925,KDM3B,Lysine-specific demethylase 3B,Q7LBC6,1,0.964249843199208,0.942839647686173,0.945885120214805,0.826164769329757,0.877154466431688,2.8891,0.8512,0.851643678513672,0.969040030137327,5.48862538653434
LRSEDGQPMVLK,1473,KDM3B,Lysine-specific demethylase 3B,Q7LBC6,1,0.634985524725533,0.739758927759342,0.775800311597857,0.317995915429653,0.4363130129583,2.0609,0.7034,-0.108382478941403,0.979374740414624,0.245573914470909
DLLHSGPGKLPQTPLDTGIPFPPVFSTSSAGVK,1295,KDM3B,Lysine-specific demethylase 3B,Q7LBC6,1,0.897626934529035,0.859973814523973,0.87917756510324,1.00292638358916,0.845969228472239,-26.7638,0.3624,0.999958367063154,0.794563781390485,-7.62299012940903e-06
ACNLTDTQK,1356,KDM3B,Lysine-specific demethylase 3B,Q7LBC6,1,0.948869399905366,1.16711721612393,1.31999849559297,1.2802316070274,1.28159332991712,3.7366,0.9813,0.974430918147948,1.29396581866668,-4.82730069562792
RACNLTDTQK,1355,KDM3B,Lysine-specific demethylase 3B,Q7LBC6,1,0.91462845781712,0.924810160595193,0.999767777778154,1.01783899256118,0.856251070473806,1.6002,0.1355,0.894717182299274,0.99487926433216,5.45155195394804e-05
SQSNGVLATENKPLGFSFGCSSAQEAQK,490,KDM3B,Lysine-specific demethylase 3B,Q7LBC6,1,0.705537612478002,0.877472775222635,0.881650808042167,0.935410191268672,0.880755227021203,3.037,0.0551,0.859803742771728,0.907627340756946,-2.17025976713584
MYNAYGLITAEDRR,1540,KDM3B,Lysine-specific demethylase 3B,Q7LBC6,1,1.17125030830487,0.985016232882342,0.844378420758452,0.487835842713992,0.298600237591881,2.2925,0.9692,-0.126090977816601,1.07753822781675,0.880491218572823
LLLLFADTAASASASAPAAAAASGDPGPALR,13,KDM3B,Lysine-specific demethylase 3B,Q7LBC6,1,1.62742183837916,1.37834958727598,1.47158012612696,1.24102035332679,1.53895920018129,2.1042,0.6562,1.85095299821039,1.00458048741737,0.0006681437582949
EQEQDDSTVACR,927,KDM3B,Lysine-specific demethylase 3B,Q7LBC6,1,0.943989135530002,0.94033553916068,1.01751808152624,1.13229453781619,0.830306052170327,3.7561,0.0122,0.945893495859706,0.999921570898575,4.42800665573716e-05
QGQPVLVSGVHKK,1411,KDM3B,Lysine-specific demethylase 3B,Q7LBC6,1,0.974244122385098,0.860488415224119,0.785393804505367,0.425813533385898,0.468519023356755,2.8176,0.9621,0.361012674753733,0.973980136584232,1.12239742460656
EMVMGLNVLDPHTSHSWLCDGR,1368,KDM3B,Lysine-specific demethylase 3B,Q7LBC6,1,0.87524556226214,0.875641641318709,0.661851729629159,0.409669084284656,0.308107755408955,2.222,0.9843,-0.1955152873097,0.972412508566606,0.588575772297086
QGQPVLVSGVHK,1411,KDM3B,Lysine-specific demethylase 3B,Q7LBC6,1,1.15435180584479,1.52853771832288,1.18036862143185,0.834201304514742,0.668570023576605,2.4072,0.6705,0.609459084673706,1.22226129068863,2.33814868659957
KFKEQEQDDSTVACR,924,KDM3B,Lysine-specific demethylase 3B,Q7LBC6,1,0.841215261414861,1.04726624052292,0.909985943352992,0.752535494344063,0.901695140052532,2.9674,0.391,0.827117937812802,0.962828717838591,5.98548957941718
LLCLHDPSNKNNWK,1390,KDM3B,Lysine-specific demethylase 3B,Q7LBC6,1,0.980421171333058,1.03585796315783,0.781290398746321,0.691072853571162,0.693085482055457,3.0561,0.9876,0.69207685558345,1.00542986863078,7.13498421569565
VRDFWDGFEIICKR,1459,KDM3B,Lysine-specific demethylase 3B,Q7LBC6,1,0.881665152492842,0.836264153087727,0.755063685163109,0.53472708663068,0.384076056904456,1.5923,0.9818,-0.507814909676724,0.964321636492766,0.511592323855548
LKQSGEPFLQDGSCINVAPHLHK,891,KDM3B,Lysine-specific demethylase 3B,Q7LBC6,1,0.972492463337646,0.916918246207632,0.75742548428426,0.773906715701517,0.776660406482314,3.6518,0.9901,0.769328887628502,0.986246743008672,6.9600673683481
EYSVEAEER,208,RIOX2,Ribosomal oxygenase 2,Q8IUF8,1,0.854854420033738,0.909986959663867,0.662652761654727,0.530859902164125,0.440369092522811,3.0383,0.946,0.450371642853238,0.937896105592776,1.36393098388033
LPPYSAGDGAELSTPGGKLPR,339,RIOX2,Ribosomal oxygenase 2,Q8IUF8,1,1.08772204291674,0.731947014336409,0.346491606598164,0.078767981555035,0.0311816722890904,3.314,0.992,-0.0015415539439795,1.05213958083906,1.07421624435113
QIWNSPAISVK,429,RIOX2,Ribosomal oxygenase 2,Q8IUF8,1,1.03515193622697,0.851830531306915,0.576831690667392,0.224620656520754,0.139746676892368,2.903,0.9974,0.0107527778336443,1.02276283879677,0.932678269126839
FKDELWR,143,RIOX2,Ribosomal oxygenase 2,Q8IUF8,1,1.04528978599804,0.786510279416131,0.466655833811937,0.22394591112506,0.130217963672184,3.1786,0.9946,0.0816032004650255,1.03307779846711,0.952355519833845
QLLLQVESTTVATRR,293,RIOX2,Ribosomal oxygenase 2,Q8IUF8,1,0.93472958039996,0.895053615149588,0.508038358253763,0.285837137096459,0.164071319083971,3.078,0.9905,0.172164636378012,0.976875620076678,1.33878103057248
AKPTGSGKEEGPAPCK,5,RIOX2,Ribosomal oxygenase 2,Q8IUF8,1,0.829927768423799,0.885600626744247,0.762127793288465,1.19412289802355,0.972862460056268,2.6529,0.5263,0.869408899705425,1.08347996895575,-8.80966948652064
QLLLQVESTTVATR,293,RIOX2,Ribosomal oxygenase 2,Q8IUF8,1,1.16558208120465,0.855493909204603,0.481630314148327,0.251750158316013,0.13130652804591,3.2022,0.9767,0.126456850045388,1.08390251731588,1.12637816680287
IGRPVHEFMLKPGDLLYFPR,217,RIOX2,Ribosomal oxygenase 2,Q8IUF8,1,0.761887600685889,0.796625238087909,0.383767386555663,0.153653213790321,0.0751457382792845,3.132,0.9597,0.0676518335292259,0.894072453729779,1.32400933495951
ELLSSDMKK,324,RIOX2,Ribosomal oxygenase 2,Q8IUF8,1,0.962185034289575,0.746377846052013,0.439201919026306,0.195865250887732,0.0879522009293169,3.0962,0.9989,-0.0231912749699445,1.00698708374122,0.782754884599793
TLADRLEGTK,314,RIOX2,Ribosomal oxygenase 2,Q8IUF8,1,0.72730198701143,0.695031376377301,0.240117272070963,0.0825237587179816,0.0403702632740008,3.1272,0.9593,-0.235351897457903,0.973703019345121,0.519372183472294
MVYIYHSLK,390,RIOX2,Ribosomal oxygenase 2,Q8IUF8,1,1.20350482737927,0.893989535275796,0.414668257618315,0.612882072955191,0.717989867822655,3.674,0.8303,0.581845413594402,1.10175042438838,7.08518367025139
EFWEQKPLLIQR,57,RIOX2,Ribosomal oxygenase 2,Q8IUF8,1,0.929369549046877,0.671865504287674,0.309042250928892,0.242896052827237,0.159523590288325,3.5478,0.9948,0.174272018769203,0.985508504177144,1.15401246769775
LTAWYGELPYTYSR,132,ALKBH3,Alpha-ketoglutarate-dependent dioxygenase alkB homolog 3,Q96Q83,1,0.954227319007355,1.06644261611163,0.975163988608478,0.907946100220412,0.85588541355724,2.3044,0.7474,0.807616100926664,1.00352843710313,1.54779619660087
EFVFKEPQQVVR,53,ALKBH3,Alpha-ketoglutarate-dependent dioxygenase alkB homolog 3,Q96Q83,1,1.02493904153324,1.07087092384201,0.882994100221866,0.967718662698419,1.07993728785,3.3945,0.1661,1.0318669288488,0.97716051177505,-5.87480691289743
SQAIAQPATTAK,20,ALKBH3,Alpha-ketoglutarate-dependent dioxygenase alkB homolog 3,Q96Q83,1,0.956471169817919,1.08347530731746,1.02484436723365,1.12544152944733,1.06116773974957,4.1609,0.6584,0.978148750126714,1.07391166618549,-4.55982892402616
EDITYQQPR,123,ALKBH3,Alpha-ketoglutarate-dependent dioxygenase alkB homolog 3,Q96Q83,1,0.962719954551825,0.950352068076907,0.992178367502111,1.03343739863532,1.01340498011441,2.9696,0.6819,0.971023783426337,1.02342446308707,-5.58020795669586
ITMEPNPHWHPVLR,146,ALKBH3,Alpha-ketoglutarate-dependent dioxygenase alkB homolog 3,Q96Q83,1,0.895521083107457,0.93732386047478,0.758942273075117,0.45637167865459,0.435684597438545,2.8841,0.9821,0.427886046712176,0.947651830221637,2.09966069555809
VCLYPGFVDVK,90,ALKBH3,Alpha-ketoglutarate-dependent dioxygenase alkB homolog 3,Q96Q83,1,1.13586894771618,0.915532836054669,0.591864979098432,0.465105967046624,0.384748029376455,3.2925,0.974,0.404250805401627,1.06821908027655,1.37240268056016
TGIREDITYQQPR,119,ALKBH3,Alpha-ketoglutarate-dependent dioxygenase alkB homolog 3,Q96Q83,1,1.07947163233163,1.23717437132147,0.750525233952567,0.966481796251224,1.00483639946617,3.3542,0.4676,0.907344730653893,1.10549967727503,7.96012742458707
SHLHQKPGQTWK,32,ALKBH3,Alpha-ketoglutarate-dependent dioxygenase alkB homolog 3,Q96Q83,1,1.05313308182698,1.23093380178516,0.777923338365498,2.01727826548697,1.57257976131396,2.6529,0.7989,1.01544568587324,1.79502565509385,-9.28405135598064
NRIEENTGHTFNSLLCNLYR,163,ALKBH3,Alpha-ketoglutarate-dependent dioxygenase alkB homolog 3,Q96Q83,1,0.697191507968921,0.403549115863119,0.485504903055436,0.258735475479791,0.210051846912833,3.1208,0.9506,-0.183594497058494,1.00198326138542,0.250438972381702
ILIGNPGCTYK,97,FTO,Alpha-ketoglutarate-dependent dioxygenase FTO,Q9C0B1,1,0.899878318291377,0.769408024152808,0.754050250782626,0.555530046638005,0.504406613848607,1.8899,0.9766,-0.0240904184207131,0.995540861304035,0.353683999552745
GQLLEAKP,498,FTO,Alpha-ketoglutarate-dependent dioxygenase FTO,Q9C0B1,1,1.00313386217284,0.898760823358282,0.821123560080602,0.810982325924069,0.761665657676868,3.627,0.9767,0.779932729348497,1.00758934252015,1.07995399029815
LFTVPWPVK,113,FTO,Alpha-ketoglutarate-dependent dioxygenase FTO,Q9C0B1,1,1.05863035221205,0.816003205855899,0.81666549463057,0.473026667892908,0.445736004928712,2.4293,0.9405,0.105112398437041,1.02371454405578,0.641978206290539
EASSVSEELHK,53,FTO,Alpha-ketoglutarate-dependent dioxygenase FTO,Q9C0B1,1,0.929615860685033,0.900899057438124,0.823430501791236,0.579987699407515,0.623767301260851,2.9555,0.9579,0.601859555597173,0.943511389759242,5.97024085564571
KMEGVTNAVLHEVKR,409,FTO,Alpha-ketoglutarate-dependent dioxygenase FTO,Q9C0B1,1,0.921676130401321,0.685340150386833,0.612547649853831,0.456407889267488,0.596206241138515,3.9824,0.9442,0.528857656437252,1.0016388427023,0.93070994443099
AMVACYPGNGTGYVR,298,EGLN1,Egl nine homolog 1,Q9GZT9,1,0.976249255419353,0.93506501006125,0.885068397264662,0.511846705051327,0.362834659334808,2.4265,0.9958,0.21034481716112,0.976715851472101,1.43250228171665
FTDGQLVSQK,235,EGLN1,Egl nine homolog 1,Q9GZT9,1,1.06411613815414,1.07155921933617,1.0540005036181,0.944379199460208,0.874623798165907,2.3311,0.8979,0.865928376453298,1.04751319014196,3.92807595247228
ANDSGGPGGPSPSER,2,EGLN1,Egl nine homolog 1,Q9GZT9,1,0.81395260242818,0.968688999140167,0.849849588760072,0.881472273979667,1.00756616711758,1.9936,0.2682,0.902782949027557,1.13094934872741,-11.1763693491753
LVCQGSEGALGHGVGPHQHSGPAPPAAVPPPR,56,EGLN1,Egl nine homolog 1,Q9GZT9,1,1.11635276828822,1.16841388254863,1.15324648842794,1.41752983999306,1.25310435311646,3.1425,0.7351,1.00400923074227,1.43411698808684,-0.373380572410227
AKPPADPAAAASPCR,114,EGLN1,Egl nine homolog 1,Q9GZT9,1,1.00470669822665,0.874367800339343,0.995738935902522,0.966743606103682,0.978973297748695,2.074,0.0894,0.927802550601367,1.0001818977826,0.0003443082080458
SSLFQEK,153,EGLN1,Egl nine homolog 1,Q9GZT9,1,1.06962540534603,1.05344507169443,0.996757565041577,1.05625298384776,1.01834430872261,3.4079,0.0754,1.02432156365509,1.04070982152093,3.45261543154914
AAAGGQGSAVAAEAEPGKEEPPAR,129,EGLN1,Egl nine homolog 1,Q9GZT9,1,0.850785427481516,0.860322084031874,0.890423317723331,0.958138976617982,0.94036737092483,2.6528,0.1791,0.900118959511005,0.949696004436791,-4.21547438944551
ETGQQIGDEVR,217,EGLN1,Egl nine homolog 1,Q9GZT9,1,0.973300347390301,0.964580235161218,0.798120636857837,0.415713854147123,0.287359298390186,2.5783,0.9993,0.156734329134986,0.989774413787197,1.25842709618028
LLFFWSDR,363,EGLN1,Egl nine homolog 1,Q9GZT9,1,1.09422023294487,1.0703841075065,0.945644188291103,0.514685678703308,0.364540231031276,2.5091,0.9894,0.265941144466512,1.05644229517608,1.65064916900709
SSFYCCK,38,EGLN1,Egl nine homolog 1,Q9GZT9,1,0.951460524851077,1.16619932881108,1.13316802171199,1.08976258649446,1.19464403078236,4.1929,0.8406,0.975601380988003,1.14606885317354,-5.183498557241
YAITVWYFDADER,384,EGLN1,Egl nine homolog 1,Q9GZT9,1,0.863039996058927,0.852975010801336,0.941414922633143,0.410695544470548,0.261653272623057,2.372,0.9693,0.260500853596865,0.914360786360586,7.40073728706202
NPHEVQPAYATR,372,EGLN1,Egl nine homolog 1,Q9GZT9,1,1.20418229663952,1.07760533104939,0.875693016866325,0.517828378758678,0.308941142227264,2.3752,0.9617,-0.0064733160637606,1.10569589484956,1.02954814028677
HGICVVDDFLGKETGQQIGDEVR,205,EGLN1,Egl nine homolog 1,Q9GZT9,1,0.946865362649004,0.982049769417164,0.978396953080584,0.46667891233551,0.386573315626566,2.429,0.9964,0.385318996656832,0.97687012408016,6.23238923260492
AQFADIEPK,351,EGLN1,Egl nine homolog 1,Q9GZT9,1,0.950251646971028,1.01410029912897,1.02711558086622,0.527030343400192,0.345289497440549,2.3578,0.9923,0.343574206276807,0.997869517268473,7.21348271753169
HGICVVDDFLGK,205,EGLN1,Egl nine homolog 1,Q9GZT9,1,1.03613941693926,0.951590196677713,0.782309649232381,0.325967554089393,0.241480257119632,2.7107,0.9971,0.160475273960204,1.00900497242187,1.42898023229235
VKYLTGEK,401,EGLN1,Egl nine homolog 1,Q9GZT9,1,1.13225093607379,1.1749117762436,1.1008024613757,1.0948794212065,1.20281924092165,,,,,
DRQYCELCGKMENLLR,17,EGLN1,Egl nine homolog 1,Q9GZT9,1,0.530392997237505,0.891630814274377,0.969662491973027,0.78226916096256,0.670533273275626,2.2477,0.1556,0.660588417291391,0.847904898460713,5.0553280797321
DRQYCELCGK,17,EGLN1,Egl nine homolog 1,Q9GZT9,1,1.00960507276607,1.10463239230735,1.11441407645459,1.00021062036432,1.08181279202199,-0.4582,0.2338,1.16985719872783,0.999509152777998,0.0655214299385989
LLFFWSDRR,363,EGLN1,Egl nine homolog 1,Q9GZT9,1,0.888903425951648,0.78688752541236,0.647600821971019,0.474566655458544,0.259777623353507,1.4295,0.9862,-0.892293321077786,0.984281214015953,0.421046445727637
SSFYCCKEHQR,38,EGLN1,Egl nine homolog 1,Q9GZT9,1,1.02757028909415,1.095662992671,1.34439926330246,1.31239546433375,1.82563655099424,1.9771,0.8408,1.02388891801551,2.40805090684698,-0.751138082695759
TQTLPSENSEESR,55,RIOX1,Ribosomal oxygenase 1,Q9H6W3,1,0.911185885961931,1.05638438556493,1.18753016183655,1.01105865936956,1.06816704523513,3.8265,0.5178,0.95558503488003,1.08885235243518,-3.88834566291337
ALSVYGLPIR,520,RIOX1,Ribosomal oxygenase 1,Q9H6W3,1,0.933742598909301,0.948825816002217,0.863317213082408,0.717863447085435,0.709410429178588,2.879,0.9702,0.69593957527723,0.96524467849144,1.6444359706518
LVGEGGHLFLYYTVENSR,558,RIOX1,Ribosomal oxygenase 1,Q9H6W3,1,0.764468742204148,0.914763132003732,0.886993766769046,0.79522469087311,0.569635493317179,2.0936,0.7464,0.398994503238266,0.891852785498626,2.94913828820428
ALPAAAWSLYQAGCSLR,281,RIOX1,Ribosomal oxygenase 1,Q9H6W3,1,1.30081617726416,0.967681541906585,0.811834625421161,0.580906439517232,0.661363127654151,3.2788,0.8319,0.609305781352436,1.13926776646785,1.24235095058412
EYIQAGYSSPR,167,JMJD4,JmjC domain-containing protein 4,Q9H9V9,1,1.17069650136337,1.08901076701985,0.840116775345347,0.766707520174444,0.471333158499899,1.4396,0.8876,-0.995274562634819,1.08456474137904,0.732472605971679
HGNLPYDVTSPALCDTHLHPR,269,JMJD4,JmjC domain-containing protein 4,Q9H9V9,1,1.26428643899269,0.989614451892994,1.00332491775103,0.886882380115737,0.553697795035259,1.5482,0.807,-1.903082411622,1.07293608170449,1.50469769205218
ALADSHFR,53,JMJD4,JmjC domain-containing protein 4,Q9H9V9,1,0.959298738373715,1.13436687953395,1.0390414896766,1.09323023542675,0.852432394929095,1.9708,0.608,0.531155818291469,1.04541351153857,7.65147998053344
WVTPAGRPDFDHLLR,117,JMJD4,JmjC domain-containing protein 4,Q9H9V9,1,0.920710710902444,0.885093527927201,0.950221969925776,0.714500621320959,0.651056753724441,2.395,0.9266,0.649486434341114,0.939027160234453,5.7321847145587
SCSGINFEEFYHFLK,374,JMJD4,JmjC domain-containing protein 4,Q9H9V9,1,1.17763165220652,1.15281722204248,1.03109083499871,0.641789851818761,0.650041770946772,2.8233,0.9351,0.643695351827661,1.10994222707773,3.92172217646366
VDTSAFSPQPK,437,JMJD4,JmjC domain-containing protein 4,Q9H9V9,1,1.36408145180387,1.17075844247343,0.977274150058323,0.725312962952167,0.549508406765549,2.4536,0.8374,0.360415878442575,1.18447659318743,1.06188310688494
EEAGALGPAWDESQLR,18,HIF1AN,Hypoxia-inducible factor 1-alpha inhibitor,Q9NWT6,1,0.971393253586201,0.943267784429858,0.795101736928501,0.547070066890293,0.402477122455636,2.1351,0.9986,-0.0623476667024772,0.995269887510312,0.757079810999499
SYSFPTRPIPR,34,HIF1AN,Hypoxia-inducible factor 1-alpha inhibitor,Q9NWT6,1,0.957372693575931,0.88383000636878,0.838622540476905,0.47566691569128,0.331720723453537,2.194,0.9886,-0.10491025647113,0.970696084993705,0.919711222817877
FLYYDEKK,100,HIF1AN,Hypoxia-inducible factor 1-alpha inhibitor,Q9NWT6,1,1.12459056507839,0.948388561731486,0.817422982764745,0.456527297270692,0.270893762181734,2.233,0.9809,-0.230198311977504,1.0552074563017,0.824579019549204
MLGEALGNPQEVGPLLNTMIK,325,HIF1AN,Hypoxia-inducible factor 1-alpha inhibitor,Q9NWT6,1,0.893679886077752,0.967126649490738,0.847047194172522,0.763230371978907,0.764040166007244,3.0191,0.8815,0.763604972630899,0.953597771018602,5.53995664033103
LQDIQQR,132,HIF1AN,Hypoxia-inducible factor 1-alpha inhibitor,Q9NWT6,1,1.1279446037083,1.05169612130212,1.07240116966765,0.856412053727895,0.606817833465471,2.2542,0.9547,0.551477160677361,1.06324195344668,3.60816114911709
FLYYDEK,100,HIF1AN,Hypoxia-inducible factor 1-alpha inhibitor,Q9NWT6,1,0.958872225541707,1.11123534281637,0.878818029163398,0.46136687725308,0.320937978521473,2.5729,0.9712,0.252412611538968,1.02141158965849,1.6866197047472
LYLQQTLNDTVGRK,144,HIF1AN,Hypoxia-inducible factor 1-alpha inhibitor,Q9NWT6,1,1.15055275802515,1.03725743337312,0.947757234838141,0.304353455359271,0.24184680135467,2.6885,0.9847,0.226192232306886,1.06369278586119,2.53310789481575
KMANFQNFKPR,107,HIF1AN,Hypoxia-inducible factor 1-alpha inhibitor,Q9NWT6,1,1.37177631455572,1.5486798415037,1.03544818615996,0.44782175187532,1.29882492635282,3.0426,0.3102,0.873298599380223,1.30681377696407,5.23121480440664
ELSAEFGPGGR,272,ALKBH4,Alpha-ketoglutarate-dependent dioxygenase alkB homolog 4,Q9NXW9,1,1.03467780467412,0.89397589151679,0.884886800788676,0.745809179754448,0.679993502994081,2.0094,0.9504,0.356117755867666,1.01557401252724,0.528837780581587
MGLYPGLEGFRPVEQCNLDYCPER,139,ALKBH4,Alpha-ketoglutarate-dependent dioxygenase alkB homolog 4,Q9NXW9,1,0.798746350220413,0.847608538025125,0.84192150852627,0.72199328521991,0.596185535340169,2.1171,0.7768,0.371745853167716,0.98580675414888,0.265265788323644
IALSFQGRPV,293,ALKBH4,Alpha-ketoglutarate-dependent dioxygenase alkB homolog 4,Q9NXW9,1,0.959741501188113,0.997344915267036,0.909000051352826,0.798342156148879,0.71617962442863,2.1642,0.9743,0.528719811180292,0.98870337311034,0.926173090704224
AAAAAETPEVLR,2,ALKBH4,Alpha-ketoglutarate-dependent dioxygenase alkB homolog 4,Q9NXW9,1,1.08952873499942,1.22272521248576,1.05119320708361,1.16881247014573,1.16596019729515,-2.6431,0.496,1.48160896107376,0.999909906829056,0.0675660900246909
TEGFCGLPSFSR,122,ALKBH4,Alpha-ketoglutarate-dependent dioxygenase alkB homolog 4,Q9NXW9,1,1.11885124106004,0.860765902060391,0.930332009518916,0.707721161052436,0.654181372706226,2.091,0.8327,0.305538839900341,1.03996526595521,0.586420899142328
SLLVLTGAAR,240,ALKBH4,Alpha-ketoglutarate-dependent dioxygenase alkB homolog 4,Q9NXW9,1,1.36326530019629,1.14599856678867,1.17667272175703,0.797881039498478,0.761881487250892,2.4759,0.7541,0.761133941782013,1.17158826237366,5.76203721712332
SVLCQEVEVAIPLPAR,224,ALKBH4,Alpha-ketoglutarate-dependent dioxygenase alkB homolog 4,Q9NXW9,1,1.13983912103898,0.994516258172923,1.09385620967159,1.1373849426201,0.977572245575313,3.3247,0.0304,1.06934497483555,1.04513306341606,4.87740705545358
LKTEGFCGLPSFSR,120,ALKBH4,Alpha-ketoglutarate-dependent dioxygenase alkB homolog 4,Q9NXW9,1,0.958899626257326,1.0960955641509,0.715853957628897,0.545071529162599,0.670890632647863,3.0625,0.9244,0.607980150402577,1.01832741672688,7.16035168081626
VASIETGLAAAAAK,902,PHF8,Histone lysine demethylase PHF8,Q9UPP1,1,1.06207140023024,1.0251750192865,1.03816254605511,1.05202157941721,1.06215522664145,,,,,
TSNIFGLQR,487,PHF8,Histone lysine demethylase PHF8,Q9UPP1,1,0.922099933387246,0.905235687205159,1.01679480614166,1.18837299866965,1.00951105202453,2.9908,0.5822,0.942380493335852,1.09884211035422,-4.29755669252918
DGLGMTLPSPSFTVR,167,PHF8,Histone lysine demethylase PHF8,Q9UPP1,1,1.00206199005385,0.933622523118159,0.757413496479437,0.405176061715447,0.478658736675859,2.9754,0.9837,0.441900696125505,0.9785700186892,6.27287906506963
LGNGSGAGGILDLLK,718,PHF8,Histone lysine demethylase PHF8,Q9UPP1,1,0.935389340146328,1.00869146083762,0.84637406823201,1.02021395950116,1.04498295716087,2.52,0.3618,0.947461977600415,1.03571270148352,-5.24039655198261
VLNVISLEFSDTR,223,PHF8,Histone lysine demethylase PHF8,Q9UPP1,1,0.751698547004277,0.809519573384946,0.751077607465023,0.760313521612058,0.561006006838702,2.5332,0.7589,0.391003231771496,0.998204754838323,0.159781498645205
LAQQELQK,916,PHF8,Histone lysine demethylase PHF8,Q9UPP1,1,1.01678318368258,0.93672817519358,1.00545749228582,1.03292199499171,0.980956187797619,3.1506,0.124,0.984741290026439,1.00774077519716,-3.8747589916658
QEALSGSLADHEYTARPNAFGMAQANR,978,PHF8,Histone lysine demethylase PHF8,Q9UPP1,1,0.90135624005078,1.08585533772005,0.939825661790736,1.00228029940561,0.955605188274522,2.6648,0.0102,0.986115144070322,0.969768696499583,-1.31834160379301
RPSVGSQSNQAGQGK,1019,PHF8,Histone lysine demethylase PHF8,Q9UPP1,1,0.901511892554795,1.34658536612977,0.401977370854569,1.24784397100912,1.10660713884012,2.5654,0.1567,1.18167262347273,0.916726833348261,4.4365138853722
LSTADLFR,389,PHF8,Histone lysine demethylase PHF8,Q9UPP1,1,0.338454591157207,0.308542496912951,0.16170275176078,0.423217735819987,0.161390781549284,6.0813,0.9019,0.254465611344135,0.999984644669036,0.638135275011754
SSTVLHTFNSTILTPVSNNNSGFLR,862,KDM3A,Lysine-specific demethylase 3A,Q9Y4C1,1,1.34429987900253,0.919757386289678,1.0364317882453,1.00747388371161,1.12951722018373,4.1797,0.2645,1.02330817356976,1.17212093634495,5.62020092035792
SSQIGTGDLK,372,KDM3A,Lysine-specific demethylase 3A,Q9Y4C1,1,0.96849367930032,0.939918298644871,0.956915014899539,1.05157749823777,0.905221223072961,4.9447,0.0822,0.928676339151779,1.00011605371145,7.86689416247244e-06
AELEIANPPELQK,426,KDM3A,Lysine-specific demethylase 3A,Q9Y4C1,1,1.09942611305106,1.38977080013728,1.33105564804242,1.5193870678016,1.4048198192249,4.3258,0.9123,0.997541460752982,1.42757351245626,-1.28894932394825
EFGEQEVDLVNCR,998,KDM3A,Lysine-specific demethylase 3A,Q9Y4C1,1,0.932743398964244,0.938059121074585,0.869542379961828,0.763289702045497,0.67984192209091,1.8898,0.975,0.351134092835416,0.977013719575629,0.612430240480216
EILLGCTAATPPSKDPR,299,KDM3A,Lysine-specific demethylase 3A,Q9Y4C1,1,0.375210481840757,0.459032096562753,0.577637660776323,0.602763062224242,0.504934728606849,2.222,0.8579,1.00500908530862,0.0111202100994163,-0.0004174356944301
TLQVNCEEIPALK,220,KDM3A,Lysine-specific demethylase 3A,Q9Y4C1,1,1.02491061689967,1.04129832325469,0.97445039829921,0.927590328104883,0.987085350233206,3.0861,0.6727,0.957354010253814,1.02208084103607,5.18840868859955
QPTMPILK,840,KDM3A,Lysine-specific demethylase 3A,Q9Y4C1,1,0.848960373184867,0.894459091384226,0.800965430580438,0.950576226737982,0.713963060464586,3.1403,0.4296,0.683544297504318,1.00011769924021,0.117511720595632
LSLTDNQIVSK,158,KDM3A,Lysine-specific demethylase 3A,Q9Y4C1,1,1.56229986418942,1.45535891132616,1.60046712117094,1.77439675845102,1.67125208684818,4.1594,0.9215,0.999424788665834,2.07193179575868,-0.125616186794353
AGLGSITSVR,123,KDM3A,Lysine-specific demethylase 3A,Q9Y4C1,1,1.24970564599784,1.64114751811741,1.51256303844424,1.70550068546475,1.75491308378072,4.4847,0.9282,0.996536411646645,1.68617886103956,-0.950051034650629
DLLKPIQDVNSLR,145,KDM3A,Lysine-specific demethylase 3A,Q9Y4C1,1,0.957807526044724,1.22367367763291,0.799493249617669,0.794565556774138,0.945675628930057,3.318,0.5524,0.846567838284955,1.06046676604606,10.107115576288
NLLNSSTGKTENGLK,887,KDM3A,Lysine-specific demethylase 3A,Q9Y4C1,1,0.897581000605157,0.886136947751633,0.921159581513671,0.915016688796716,0.897380384388998,-0.326,0.9046,0.998714824316655,0.807387121171316,-6.4407082238793e-05
ESSVKVDNESCCSR,486,KDM3A,Lysine-specific demethylase 3A,Q9Y4C1,1,0.855773737950367,0.885515209427978,0.994741770407401,0.837105269684893,0.710567716508616,2.0269,0.7099,0.510529275363825,0.933061266089923,2.16537393542321
SSENNGTLVSK,264,KDM3A,Lysine-specific demethylase 3A,Q9Y4C1,1,0.93978729511112,1.04297138291022,1.05532032262203,0.998110044465403,0.8965850165265,2.0155,0.5578,0.799965808517919,1.00948252447441,4.37134357920936
AGVNSDSPNNCSGK,457,KDM3A,Lysine-specific demethylase 3A,Q9Y4C1,1,0.717580467415281,0.72672186931217,0.916933261939864,0.763076648868016,0.946337682593945,1.9097,0.1609,0.824858449482909,2.26656270391637,-11.4747039882866
LNSELWKPESFRK,985,KDM3A,Lysine-specific demethylase 3A,Q9Y4C1,1,1.2121290990015,1.05884722659547,0.844461927217688,0.795195487106224,0.627287523495638,3.0534,0.8414,0.669272532373681,1.10830414578865,1.24433268681644
LKNEKEPMVLK,1034,KDM3A,Lysine-specific demethylase 3A,Q9Y4C1,1,0.846049838988034,1.04330175258663,1.23879383618905,1.03203682907655,0.743651266171166,2.0032,0.4678,0.4647001987517,1.03486527523881,5.30546110727544
TIQDGDSDELTIKR,1149,KDM3A,Lysine-specific demethylase 3A,Q9Y4C1,1,0.942329063747957,1.0452897399155,0.686443115444711,0.619740640689565,0.458402628863976,3.0469,0.935,0.539067114550386,0.995876547707631,6.8667650745777
